district,year,week,cases
Ampara,2021,3,1
Ampara,2021,43,1
Ampara,2021,45,1
Ampara,2021,46,2
Ampara,2022,4,3
Ampara,2022,6,3
Ampara,2022,7,1
Ampara,2022,8,1
Ampara,2022,9,1
Ampara,2022,10,2
Ampara,2022,12,1
Ampara,2022,13,2
Ampara,2022,14,1
Ampara,2022,15,2
Ampara,2022,16,3
Ampara,2022,17,2
Ampara,2022,18,3
Ampara,2022,21,2
Ampara,2022,23,4
Ampara,2022,25,6
Ampara,2022,26,4
Ampara,2022,27,5
Ampara,2022,29,4
Ampara,2022,30,7
Ampara,2022,37,1
Ampara,2022,38,1
Ampara,2022,39,1
Ampara,2022,40,2
Ampara,2022,41,3
Ampara,2022,42,2
Ampara,2022,43,1
Ampara,2022,44,1
Ampara,2022,47,4
Ampara,2022,48,4
Ampara,2022,49,5
Ampara,2022,50,13
Ampara,2022,51,7
Ampara,2022,52,5
Ampara,2023,1,7
Ampara,2023,3,7
Ampara,2023,4,8
Ampara,2023,5,4
Ampara,2023,6,3
Ampara,2023,7,2
Ampara,2023,9,1
Ampara,2023,10,1
Ampara,2023,11,2
Ampara,2023,12,1
Ampara,2023,13,2
Ampara,2023,14,5
Ampara,2023,16,5
Ampara,2023,17,7
Ampara,2023,18,1
Ampara,2023,19,2
Ampara,2023,21,7
Ampara,2023,22,4
Ampara,2023,23,2
Ampara,2023,24,8
Ampara,2023,25,5
Ampara,2023,26,7
Ampara,2023,27,9
Ampara,2023,28,6
Ampara,2023,29,3
Ampara,2023,30,5
Ampara,2023,32,2
Ampara,2023,33,3
Ampara,2023,34,3
Ampara,2023,37,2
Ampara,2023,38,1
Ampara,2023,39,2
Ampara,2023,41,3
Ampara,2023,42,3
Ampara,2023,43,1
Ampara,2023,44,1
Ampara,2023,45,4
Ampara,2023,46,2
Ampara,2023,47,2
Ampara,2023,48,7
Ampara,2023,49,6
Ampara,2023,50,1
Ampara,2023,51,4
Ampara,2024,1,8
Ampara,2024,2,3
Ampara,2024,3,3
Ampara,2024,4,3
Ampara,2024,6,2
Ampara,2024,7,9
Ampara,2024,8,1
Ampara,2024,9,3
Ampara,2024,10,3
Ampara,2024,11,3
Ampara,2024,12,2
Ampara,2024,13,5
Ampara,2024,14,4
Ampara,2024,15,24
Ampara,2024,16,13
Ampara,2024,17,7
Ampara,2024,18,2
Ampara,2024,19,4
Ampara,2024,20,4
Ampara,2024,21,12
Ampara,2024,22,9
Ampara,2024,23,6
Ampara,2024,24,9
Ampara,2024,25,5
Ampara,2024,27,6
Ampara,2024,28,8
Ampara,2024,29,4
Ampara,2024,30,11
Ampara,2024,31,3
Ampara,2024,32,3
Ampara,2024,33,1
Ampara,2024,34,1
Ampara,2024,35,3
Ampara,2024,37,1
Ampara,2024,38,4
Ampara,2024,39,4
Ampara,2024,40,4
Ampara,2024,42,5
Ampara,2024,43,1
Ampara,2024,44,5
Ampara,2024,45,6
Ampara,2024,46,8
Ampara,2024,47,3
Ampara,2024,48,4
Ampara,2024,49,5
Ampara,2024,50,6
Ampara,2024,51,13
Ampara,2024,52,6
Anuradhapura,2021,1,6
Anuradhapura,2021,2,3
Anuradhapura,2021,3,3
Anuradhapura,2021,43,1
Anuradhapura,2021,44,1
Anuradhapura,2021,45,2
Anuradhapura,2021,46,2
Anuradhapura,2021,47,1
Anuradhapura,2021,49,2
Anuradhapura,2021,50,3
Anuradhapura,2021,51,4
Anuradhapura,2022,4,3
Anuradhapura,2022,5,5
Anuradhapura,2022,6,1
Anuradhapura,2022,7,6
Anuradhapura,2022,8,5
Anuradhapura,2022,9,6
Anuradhapura,2022,10,3
Anuradhapura,2022,11,11
Anuradhapura,2022,12,4
Anuradhapura,2022,13,5
Anuradhapura,2022,14,13
Anuradhapura,2022,15,6
Anuradhapura,2022,16,12
Anuradhapura,2022,17,10
Anuradhapura,2022,18,5
Anuradhapura,2022,19,13
Anuradhapura,2022,21,1
Anuradhapura,2022,22,3
Anuradhapura,2022,23,24
Anuradhapura,2022,24,17
Anuradhapura,2022,25,18
Anuradhapura,2022,26,10
Anuradhapura,2022,27,11
Anuradhapura,2022,28,16
Anuradhapura,2022,29,16
Anuradhapura,2022,30,10
Anuradhapura,2022,31,3
Anuradhapura,2022,32,6
Anuradhapura,2022,33,7
Anuradhapura,2022,34,3
Anuradhapura,2022,35,5
Anuradhapura,2022,36,7
Anuradhapura,2022,37,3
Anuradhapura,2022,38,2
Anuradhapura,2022,40,4
Anuradhapura,2022,41,2
Anuradhapura,2022,42,3
Anuradhapura,2022,43,7
Anuradhapura,2022,44,6
Anuradhapura,2022,45,6
Anuradhapura,2022,46,11
Anuradhapura,2022,47,2
Anuradhapura,2022,48,13
Anuradhapura,2022,49,7
Anuradhapura,2022,50,11
Anuradhapura,2022,51,7
Anuradhapura,2022,52,11
Anuradhapura,2023,1,21
Anuradhapura,2023,3,15
Anuradhapura,2023,4,9
Anuradhapura,2023,5,32
Anuradhapura,2023,6,15
Anuradhapura,2023,7,2
Anuradhapura,2023,8,11
Anuradhapura,2023,9,7
Anuradhapura,2023,10,6
Anuradhapura,2023,11,8
Anuradhapura,2023,12,7
Anuradhapura,2023,13,9
Anuradhapura,2023,14,5
Anuradhapura,2023,15,5
Anuradhapura,2023,16,6
Anuradhapura,2023,17,7
Anuradhapura,2023,18,5
Anuradhapura,2023,19,9
Anuradhapura,2023,20,6
Anuradhapura,2023,21,12
Anuradhapura,2023,23,5
Anuradhapura,2023,24,13
Anuradhapura,2023,25,18
Anuradhapura,2023,26,29
Anuradhapura,2023,36,6
Anuradhapura,2023,37,4
Anuradhapura,2023,38,2
Anuradhapura,2023,41,2
Anuradhapura,2023,43,11
Badulla,2021,1,6
Badulla,2021,2,11
Badulla,2021,3,7
Badulla,2021,44,6
Badulla,2021,45,3
Badulla,2021,46,6
Badulla,2021,47,7
Badulla,2021,49,8
Badulla,2021,50,7
Badulla,2021,51,9
Badulla,2022,4,1
Badulla,2022,5,3
Badulla,2022,6,1
Badulla,2022,8,1
Badulla,2022,10,2
Badulla,2022,11,7
Badulla,2022,12,3
Badulla,2022,13,3
Badulla,2022,14,5
Badulla,2022,15,3
Badulla,2022,16,7
Badulla,2022,17,8
Badulla,2022,18,2
Badulla,2022,19,3
Badulla,2022,21,5
Badulla,2022,22,4
Badulla,2022,23,15
Badulla,2022,24,12
Badulla,2022,25,26
Badulla,2022,26,11
Badulla,2022,27,12
Badulla,2022,28,12
Badulla,2022,29,10
Badulla,2022,30,15
Badulla,2022,31,11
Badulla,2022,32,3
Badulla,2022,33,7
Badulla,2022,34,4
Badulla,2022,35,3
Badulla,2022,36,5
Badulla,2022,37,1
Badulla,2022,38,4
Badulla,2022,39,11
Badulla,2022,40,16
Badulla,2022,41,11
Badulla,2022,42,24
Badulla,2022,43,36
Badulla,2022,44,25
Badulla,2022,45,38
Badulla,2022,46,49
Badulla,2022,47,50
Badulla,2022,48,48
Badulla,2022,49,31
Badulla,2022,50,79
Badulla,2022,51,57
Badulla,2022,52,41
Badulla,2023,1,55
Badulla,2023,3,55
Badulla,2023,4,25
Badulla,2023,5,42
Badulla,2023,6,12
Badulla,2023,7,6
Badulla,2023,8,10
Badulla,2023,9,4
Badulla,2023,10,14
Badulla,2023,11,7
Badulla,2023,12,8
Badulla,2023,13,11
Badulla,2023,14,7
Badulla,2023,15,10
Badulla,2023,16,9
Badulla,2023,17,11
Badulla,2023,18,8
Badulla,2023,19,6
Badulla,2023,20,10
Badulla,2023,21,16
Badulla,2023,22,18
Badulla,2023,23,19
Badulla,2023,24,44
Badulla,2023,25,42
Badulla,2023,26,37
Badulla,2023,27,36
Badulla,2023,28,28
Badulla,2023,29,21
Badulla,2023,30,25
Badulla,2023,32,16
Badulla,2023,33,20
Badulla,2023,34,15
Badulla,2023,35,13
Badulla,2023,36,15
Badulla,2023,37,19
Badulla,2023,38,16
Badulla,2023,39,19
Badulla,2023,40,16
Badulla,2023,41,11
Badulla,2023,42,28
Badulla,2023,43,13
Badulla,2023,44,39
Badulla,2023,45,34
Badulla,2023,46,51
Badulla,2023,47,58
Badulla,2023,48,53
Badulla,2023,49,54
Badulla,2023,50,52
Badulla,2023,51,44
Badulla,2024,1,36
Badulla,2024,2,45
Badulla,2024,3,31
Badulla,2024,4,30
Badulla,2024,5,32
Badulla,2024,6,30
Badulla,2024,7,32
Badulla,2024,8,26
Badulla,2024,9,23
Badulla,2024,10,10
Badulla,2024,11,31
Badulla,2024,12,18
Badulla,2024,13,20
Badulla,2024,14,9
Badulla,2024,15,38
Badulla,2024,16,4
Badulla,2024,17,23
Badulla,2024,18,20
Badulla,2024,19,28
Badulla,2024,20,12
Badulla,2024,21,13
Badulla,2024,22,20
Badulla,2024,23,15
Badulla,2024,24,49
Badulla,2024,25,22
Badulla,2024,27,28
Badulla,2024,28,30
Badulla,2024,29,38
Badulla,2024,30,24
Badulla,2024,31,28
Badulla,2024,32,27
Badulla,2024,33,20
Badulla,2024,34,16
Badulla,2024,35,28
Badulla,2024,37,18
Badulla,2024,38,10
Badulla,2024,39,20
Badulla,2024,40,8
Badulla,2024,41,23
Badulla,2024,42,24
Badulla,2024,43,32
Badulla,2024,44,37
Badulla,2024,45,37
Badulla,2024,46,11
Badulla,2024,47,10
Badulla,2024,48,113
Badulla,2024,49,152
Badulla,2024,50,189
Badulla,2024,51,130
Badulla,2024,52,137
Batticaloa,2021,1,390
Batticaloa,2021,2,287
Batticaloa,2021,3,259
Batticaloa,2021,43,57
Batticaloa,2021,44,110
Batticaloa,2021,45,96
Batticaloa,2021,46,77
Batticaloa,2021,47,78
Batticaloa,2021,49,189
Batticaloa,2021,50,185
Batticaloa,2021,51,257
Batticaloa,2022,4,321
Batticaloa,2022,5,257
Batticaloa,2022,6,401
Batticaloa,2022,7,413
Batticaloa,2022,8,217
Batticaloa,2022,9,183
Batticaloa,2022,10,167
Batticaloa,2022,11,114
Batticaloa,2022,12,65
Batticaloa,2022,13,81
Batticaloa,2022,14,58
Batticaloa,2022,15,47
Batticaloa,2022,16,63
Batticaloa,2022,17,65
Batticaloa,2022,18,50
Batticaloa,2022,19,30
Batticaloa,2022,21,12
Batticaloa,2022,22,31
Batticaloa,2022,23,17
Batticaloa,2022,24,10
Batticaloa,2022,25,17
Batticaloa,2022,26,4
Batticaloa,2022,27,11
Batticaloa,2022,28,5
Batticaloa,2022,29,5
Batticaloa,2022,30,3
Batticaloa,2022,31,1
Batticaloa,2022,32,1
Batticaloa,2022,33,2
Batticaloa,2022,34,3
Batticaloa,2022,35,1
Batticaloa,2022,36,2
Batticaloa,2022,37,1
Batticaloa,2022,39,3
Batticaloa,2022,40,1
Batticaloa,2022,41,3
Batticaloa,2022,42,3
Batticaloa,2022,43,9
Batticaloa,2022,44,6
Batticaloa,2022,45,3
Batticaloa,2022,46,4
Batticaloa,2022,47,10
Batticaloa,2022,48,10
Batticaloa,2022,49,17
Batticaloa,2022,50,19
Batticaloa,2022,51,23
Batticaloa,2022,52,18
Batticaloa,2023,1,16
Batticaloa,2023,3,32
Batticaloa,2023,4,26
Batticaloa,2023,5,15
Batticaloa,2023,6,18
Batticaloa,2023,7,25
Batticaloa,2023,8,14
Batticaloa,2023,9,13
Batticaloa,2023,10,17
Batticaloa,2023,11,15
Batticaloa,2023,12,38
Batticaloa,2023,13,30
Batticaloa,2023,14,37
Batticaloa,2023,15,48
Batticaloa,2023,16,44
Batticaloa,2023,17,25
Batticaloa,2023,18,41
Batticaloa,2023,19,46
Batticaloa,2023,20,84
Batticaloa,2023,21,51
Batticaloa,2023,23,33
Batticaloa,2023,24,29
Batticaloa,2023,25,28
Batticaloa,2023,26,27
Batticaloa,2023,36,2
Batticaloa,2023,37,9
Batticaloa,2023,38,15
Batticaloa,2023,41,3
Batticaloa,2023,43,29
Batticaloa,2024,51,109
Colombo,2021,1,225
Colombo,2021,2,229
Colombo,2021,3,223
Colombo,2021,43,125
Colombo,2021,44,34
Colombo,2021,45,34
Colombo,2021,46,34
Colombo,2021,47,39
Colombo,2021,48,30
Colombo,2021,49,15
Colombo,2021,50,245
Colombo,2021,51,291
Colombo,2022,4,175
Colombo,2022,5,134
Colombo,2022,6,137
Colombo,2022,7,120
Colombo,2022,8,154
Colombo,2022,9,142
Colombo,2022,10,214
Colombo,2022,11,194
Colombo,2022,12,173
Colombo,2022,13,166
Colombo,2022,14,177
Colombo,2022,15,196
Colombo,2022,16,194
Colombo,2022,17,257
Colombo,2022,18,250
Colombo,2022,19,193
Colombo,2022,21,242
Colombo,2022,22,328
Colombo,2022,23,324
Colombo,2022,24,387
Colombo,2022,25,532
Colombo,2022,26,518
Colombo,2022,27,541
Colombo,2022,28,541
Colombo,2022,29,493
Colombo,2022,30,404
Colombo,2022,31,353
Colombo,2022,32,233
Colombo,2022,33,167
Colombo,2022,34,139
Colombo,2022,35,98
Colombo,2022,36,161
Colombo,2022,37,157
Colombo,2022,38,148
Colombo,2022,39,196
Colombo,2022,40,207
Colombo,2022,41,205
Colombo,2022,42,322
Colombo,2022,43,359
Colombo,2022,44,321
Colombo,2022,45,338
Colombo,2022,46,357
Colombo,2022,47,395
Colombo,2022,48,434
Colombo,2022,49,619
Colombo,2022,50,690
Colombo,2022,51,858
Colombo,2022,52,834
Colombo,2023,1,653
Colombo,2023,3,528
Colombo,2023,4,534
Colombo,2023,5,367
Colombo,2023,6,348
Colombo,2023,7,266
Colombo,2023,8,243
Colombo,2023,9,161
Colombo,2023,10,265
Colombo,2023,11,123
Colombo,2023,12,213
Colombo,2023,13,152
Colombo,2023,14,174
Colombo,2023,15,171
Colombo,2023,16,209
Colombo,2023,17,277
Colombo,2023,18,272
Colombo,2023,19,328
Colombo,2023,20,375
Colombo,2023,21,526
Colombo,2023,22,105
Colombo,2023,23,726
Colombo,2023,24,771
Colombo,2023,25,953
Colombo,2023,26,905
Colombo,2023,27,1094
Colombo,2023,28,844
Colombo,2023,29,871
Colombo,2023,30,669
Colombo,2023,32,453
Colombo,2023,33,345
Colombo,2023,34,336
Colombo,2023,35,236
Colombo,2023,36,220
Colombo,2023,37,151
Colombo,2023,38,149
Colombo,2023,39,138
Colombo,2023,40,217
Colombo,2023,41,205
Colombo,2023,42,295
Colombo,2023,43,171
Colombo,2023,44,240
Colombo,2023,45,265
Colombo,2023,46,268
Colombo,2023,47,301
Colombo,2023,48,310
Colombo,2023,49,373
Colombo,2023,50,424
Colombo,2023,51,494
Colombo,2024,1,385
Colombo,2024,2,639
Colombo,2024,3,452
Colombo,2024,4,394
Colombo,2024,5,426
Colombo,2024,6,441
Colombo,2024,7,364
Colombo,2024,8,364
Colombo,2024,9,384
Colombo,2024,10,324
Colombo,2024,11,336
Colombo,2024,12,238
Colombo,2024,13,359
Colombo,2024,14,222
Colombo,2024,15,738
Colombo,2024,16,333
Colombo,2024,17,329
Colombo,2024,18,405
Colombo,2024,19,412
Colombo,2024,20,406
Colombo,2024,21,510
Colombo,2024,22,513
Colombo,2024,23,507
Colombo,2024,24,1164
Colombo,2024,25,543
Colombo,2024,27,444
Colombo,2024,28,390
Colombo,2024,29,353
Colombo,2024,30,346
Colombo,2024,31,360
Colombo,2024,32,321
Colombo,2024,33,247
Colombo,2024,34,198
Colombo,2024,35,287
Colombo,2024,37,97
Colombo,2024,38,102
Colombo,2024,39,72
Colombo,2024,40,83
Colombo,2024,41,146
Colombo,2024,42,176
Colombo,2024,43,213
Colombo,2024,44,308
Colombo,2024,45,315
Colombo,2024,46,360
Colombo,2024,47,433
Colombo,2024,48,359
Colombo,2024,49,495
Colombo,2024,50,582
Colombo,2024,51,478
Colombo,2024,52,706
Galle,2021,1,6
Galle,2021,2,12
Galle,2021,3,11
Galle,2021,43,11
Galle,2021,44,7
Galle,2021,45,13
Galle,2021,46,16
Galle,2021,47,7
Galle,2021,49,15
Galle,2021,50,12
Galle,2021,51,14
Galle,2022,4,8
Galle,2022,5,11
Galle,2022,6,2
Galle,2022,7,12
Galle,2022,8,22
Galle,2022,9,22
Galle,2022,10,22
Galle,2022,11,24
Galle,2022,12,22
Galle,2022,13,24
Galle,2022,14,24
Galle,2022,15,48
Galle,2022,16,36
Galle,2022,17,31
Galle,2022,18,20
Galle,2022,19,16
Galle,2022,21,9
Galle,2022,22,16
Galle,2022,23,22
Galle,2022,24,47
Galle,2022,25,37
Galle,2022,26,27
Galle,2022,27,33
Galle,2022,28,36
Galle,2022,29,27
Galle,2022,30,28
Galle,2022,31,34
Galle,2022,32,20
Galle,2022,33,11
Galle,2022,34,7
Galle,2022,35,11
Galle,2022,36,13
Galle,2022,37,5
Galle,2022,38,14
Galle,2022,39,23
Galle,2022,40,16
Galle,2022,41,32
Galle,2022,42,28
Galle,2022,43,27
Galle,2022,44,25
Galle,2022,45,36
Galle,2022,46,53
Galle,2022,47,46
Galle,2022,48,50
Galle,2022,49,50
Galle,2022,50,69
Galle,2022,51,90
Galle,2022,52,114
Galle,2023,1,111
Galle,2023,3,159
Galle,2023,4,103
Galle,2023,5,109
Galle,2023,6,67
Galle,2023,7,50
Galle,2023,8,86
Galle,2023,9,67
Galle,2023,10,16
Galle,2023,11,71
Galle,2023,12,66
Galle,2023,13,111
Galle,2023,14,124
Galle,2023,15,91
Galle,2023,16,112
Galle,2023,17,83
Galle,2023,18,146
Galle,2023,19,138
Galle,2023,20,131
Galle,2023,21,143
Galle,2023,22,75
Galle,2023,23,252
Galle,2023,24,265
Galle,2023,25,202
Galle,2023,26,250
Galle,2023,27,160
Galle,2023,28,135
Galle,2023,29,146
Galle,2023,30,147
Galle,2023,32,103
Galle,2023,33,50
Galle,2023,34,59
Galle,2023,35,60
Galle,2023,36,147
Galle,2023,37,104
Galle,2023,38,83
Galle,2023,39,48
Galle,2023,40,33
Galle,2023,41,32
Galle,2023,42,36
Galle,2023,43,85
Galle,2023,44,40
Galle,2023,45,37
Galle,2023,46,47
Galle,2023,47,39
Galle,2023,48,44
Galle,2023,49,32
Galle,2023,50,39
Galle,2023,51,56
Galle,2024,1,51
Galle,2024,2,43
Galle,2024,3,65
Galle,2024,4,47
Galle,2024,5,43
Galle,2024,6,43
Galle,2024,7,39
Galle,2024,8,17
Galle,2024,9,57
Galle,2024,10,31
Galle,2024,11,59
Galle,2024,12,47
Galle,2024,13,30
Galle,2024,14,54
Galle,2024,15,140
Galle,2024,16,53
Galle,2024,17,57
Galle,2024,18,67
Galle,2024,19,76
Galle,2024,20,86
Galle,2024,21,85
Galle,2024,22,93
Galle,2024,23,73
Galle,2024,24,174
Galle,2024,25,81
Galle,2024,27,105
Galle,2024,28,76
Galle,2024,29,89
Galle,2024,30,90
Galle,2024,31,99
Galle,2024,32,105
Galle,2024,33,97
Galle,2024,34,91
Galle,2024,35,137
Galle,2024,37,54
Galle,2024,38,51
Galle,2024,39,47
Galle,2024,40,40
Gampaha,2021,1,47
Gampaha,2021,2,67
Gampaha,2021,3,55
Gampaha,2021,43,47
Gampaha,2021,44,32
Gampaha,2021,45,24
Gampaha,2021,46,41
Gampaha,2021,47,38
Gampaha,2021,48,27
Gampaha,2021,49,10
Gampaha,2021,50,61
Gampaha,2021,51,56
Gampaha,2022,4,66
Gampaha,2022,5,41
Gampaha,2022,6,60
Gampaha,2022,7,72
Gampaha,2022,8,54
Gampaha,2022,9,40
Gampaha,2022,10,93
Gampaha,2022,11,62
Gampaha,2022,12,56
Gampaha,2022,13,76
Gampaha,2022,14,67
Gampaha,2022,15,59
Gampaha,2022,16,53
Gampaha,2022,17,84
Gampaha,2022,18,60
Gampaha,2022,19,60
Gampaha,2022,21,61
Gampaha,2022,22,71
Gampaha,2022,23,103
Gampaha,2022,24,114
Gampaha,2022,25,148
Gampaha,2022,26,154
Gampaha,2022,27,177
Gampaha,2022,28,187
Gampaha,2022,29,170
Gampaha,2022,30,168
Gampaha,2022,31,151
Gampaha,2022,32,91
Gampaha,2022,33,57
Gampaha,2022,34,67
Gampaha,2022,35,31
Gampaha,2022,36,61
Gampaha,2022,37,70
Gampaha,2022,38,77
Gampaha,2022,39,89
Gampaha,2022,40,105
Gampaha,2022,41,93
Gampaha,2022,42,156
Gampaha,2022,43,225
Gampaha,2022,44,225
Gampaha,2022,45,205
Gampaha,2022,46,240
Gampaha,2022,47,362
Gampaha,2022,48,315
Gampaha,2022,49,435
Gampaha,2022,50,429
Gampaha,2022,51,587
Gampaha,2022,52,563
Gampaha,2023,1,476
Gampaha,2023,3,442
Gampaha,2023,4,334
Gampaha,2023,5,201
Gampaha,2023,6,128
Gampaha,2023,7,118
Gampaha,2023,8,139
Gampaha,2023,9,103
Gampaha,2023,10,101
Gampaha,2023,11,84
Gampaha,2023,12,93
Gampaha,2023,13,79
Gampaha,2023,14,87
Gampaha,2023,15,95
Gampaha,2023,16,97
Gampaha,2023,17,131
Gampaha,2023,18,123
Gampaha,2023,19,162
Gampaha,2023,20,136
Gampaha,2023,21,202
Gampaha,2023,22,207
Gampaha,2023,23,275
Gampaha,2023,24,352
Gampaha,2023,25,404
Gampaha,2023,26,448
Gampaha,2023,27,539
Gampaha,2023,28,398
Gampaha,2023,29,373
Gampaha,2023,30,498
Gampaha,2023,32,440
Gampaha,2023,33,386
Gampaha,2023,34,276
Gampaha,2023,35,281
Gampaha,2023,36,262
Gampaha,2023,37,255
Gampaha,2023,38,257
Gampaha,2023,40,280
Gampaha,2023,41,93
Gampaha,2023,42,259
Gampaha,2023,43,232
Gampaha,2023,44,193
Gampaha,2023,47,9
Gampaha,2023,48,21
Gampaha,2023,49,16
Gampaha,2023,50,23
Gampaha,2023,51,30
Gampaha,2024,1,16
Gampaha,2024,2,21
Gampaha,2024,3,24
Gampaha,2024,6,409
Gampaha,2024,7,335
Gampaha,2024,8,388
Gampaha,2024,9,359
Gampaha,2024,10,370
Gampaha,2024,11,360
Gampaha,2024,12,305
Gampaha,2024,13,377
Gampaha,2024,14,329
Gampaha,2024,15,816
Gampaha,2024,16,356
Gampaha,2024,17,468
Gampaha,2024,37,73
Gampaha,2024,39,69
Gampaha,2024,40,61
Gampaha,2024,41,121
Gampaha,2024,42,106
Gampaha,2024,43,155
Hambantota,2021,1,2
Hambantota,2021,2,4
Hambantota,2021,3,2
Hambantota,2021,43,1
Hambantota,2021,44,1
Hambantota,2021,46,2
Hambantota,2021,47,1
Hambantota,2021,49,3
Hambantota,2021,50,4
Hambantota,2021,51,5
Hambantota,2022,4,3
Hambantota,2022,5,10
Hambantota,2022,6,6
Hambantota,2022,7,5
Hambantota,2022,8,7
Hambantota,2022,9,6
Hambantota,2022,10,5
Hambantota,2022,11,9
Hambantota,2022,12,9
Hambantota,2022,13,7
Hambantota,2022,14,10
Hambantota,2022,15,13
Hambantota,2022,16,10
Hambantota,2022,17,10
Hambantota,2022,18,3
Hambantota,2022,19,7
Hambantota,2022,21,6
Hambantota,2022,22,9
Hambantota,2022,23,9
Hambantota,2022,24,12
Hambantota,2022,25,10
Hambantota,2022,26,17
Hambantota,2022,27,27
Hambantota,2022,28,17
Hambantota,2022,29,9
Hambantota,2022,30,11
Hambantota,2022,31,8
Hambantota,2022,32,7
Hambantota,2022,33,5
Hambantota,2022,34,4
Hambantota,2022,35,6
Hambantota,2022,36,4
Hambantota,2022,37,2
Hambantota,2022,38,6
Hambantota,2022,39,4
Hambantota,2022,40,11
Hambantota,2022,41,9
Hambantota,2022,42,8
Hambantota,2022,43,10
Hambantota,2022,44,11
Hambantota,2022,45,7
Hambantota,2022,46,9
Hambantota,2022,47,8
Hambantota,2022,48,13
Hambantota,2022,49,12
Hambantota,2022,50,18
Hambantota,2022,51,25
Hambantota,2022,52,17
Hambantota,2023,1,21
Hambantota,2023,3,34
Hambantota,2023,4,26
Hambantota,2023,5,32
Hambantota,2023,6,18
Hambantota,2023,7,5
Hambantota,2023,8,11
Hambantota,2023,9,5
Hambantota,2023,10,10
Hambantota,2023,11,11
Hambantota,2023,12,12
Hambantota,2023,13,23
Hambantota,2023,14,9
Hambantota,2023,15,28
Hambantota,2023,16,30
Hambantota,2023,17,22
Hambantota,2023,18,25
Hambantota,2023,19,31
Hambantota,2023,20,22
Hambantota,2023,21,14
Hambantota,2023,23,38
Hambantota,2023,24,42
Hambantota,2023,25,44
Hambantota,2023,26,72
Hambantota,2023,36,20
Hambantota,2023,37,26
Hambantota,2023,38,11
Hambantota,2023,40,11
Hambantota,2023,41,9
Hambantota,2023,43,11
Hambantota,2024,41,7
Hambantota,2024,42,1
Hambantota,2024,43,3
Hambantota,2024,44,6
Hambantota,2024,45,11
Hambantota,2024,46,27
Hambantota,2024,47,32
Hambantota,2024,48,11
Hambantota,2024,49,11
Hambantota,2024,50,31
Jaffna,2021,1,6
Jaffna,2021,2,2
Jaffna,2021,3,3
Jaffna,2021,43,9
Jaffna,2021,44,3
Jaffna,2021,45,3
Jaffna,2021,46,4
Jaffna,2021,47,4
Jaffna,2021,49,4
Jaffna,2021,50,2
Jaffna,2021,51,6
Jaffna,2022,4,7
Jaffna,2022,5,2
Jaffna,2022,6,1
Jaffna,2022,7,1
Jaffna,2022,8,1
Jaffna,2022,9,1
Jaffna,2022,10,2
Jaffna,2022,11,2
Jaffna,2022,12,1
Jaffna,2022,13,1
Jaffna,2022,14,2
Jaffna,2022,16,3
Jaffna,2022,19,2
Jaffna,2022,23,1
Jaffna,2022,24,1
Jaffna,2022,25,1
Jaffna,2022,29,1
Jaffna,2022,31,2
Jaffna,2022,32,1
Jaffna,2022,44,1
Jaffna,2022,45,6
Jaffna,2022,46,2
Jaffna,2022,47,1
Jaffna,2022,48,11
Jaffna,2022,49,16
Jaffna,2022,50,12
Jaffna,2022,51,39
Jaffna,2022,52,33
Jaffna,2023,1,64
Jaffna,2023,3,68
Jaffna,2023,4,79
Jaffna,2023,5,85
Jaffna,2023,6,61
Jaffna,2023,7,43
Jaffna,2023,8,34
Jaffna,2023,9,98
Jaffna,2023,10,27
Jaffna,2023,11,53
Jaffna,2023,12,74
Jaffna,2023,13,59
Jaffna,2023,14,58
Jaffna,2023,15,117
Jaffna,2023,16,48
Jaffna,2023,17,77
Jaffna,2023,18,88
Jaffna,2023,19,81
Jaffna,2023,20,72
Jaffna,2023,21,97
Jaffna,2023,23,102
Jaffna,2023,24,107
Jaffna,2023,25,85
Jaffna,2023,26,58
Jaffna,2023,36,27
Jaffna,2023,37,37
Jaffna,2023,38,39
Jaffna,2023,43,52
Jaffna,2023,49,112
Jaffna,2023,50,148
Jaffna,2023,51,145
Jaffna,2024,1,114
Jaffna,2024,51,431
Jaffna,2024,52,687
Kalutara,2021,1,23
Kalutara,2021,2,12
Kalutara,2021,3,24
Kalutara,2021,43,3
Kalutara,2021,44,7
Kalutara,2021,45,6
Kalutara,2021,46,6
Kalutara,2021,47,13
Kalutara,2021,49,9
Kalutara,2021,50,8
Kalutara,2021,51,15
Kalutara,2022,4,17
Kalutara,2022,5,20
Kalutara,2022,6,13
Kalutara,2022,7,18
Kalutara,2022,8,25
Kalutara,2022,9,20
Kalutara,2022,10,24
Kalutara,2022,11,39
Kalutara,2022,12,18
Kalutara,2022,13,50
Kalutara,2022,14,49
Kalutara,2022,15,27
Kalutara,2022,16,32
Kalutara,2022,17,69
Kalutara,2022,18,33
Kalutara,2022,19,17
Kalutara,2022,21,18
Kalutara,2022,22,31
Kalutara,2022,23,44
Kalutara,2022,24,28
Kalutara,2022,25,40
Kalutara,2022,26,61
Kalutara,2022,27,47
Kalutara,2022,28,65
Kalutara,2022,29,98
Kalutara,2022,30,70
Kalutara,2022,31,56
Kalutara,2022,32,39
Kalutara,2022,33,27
Kalutara,2022,34,19
Kalutara,2022,35,34
Kalutara,2022,36,15
Kalutara,2022,37,28
Kalutara,2022,38,25
Kalutara,2022,39,25
Kalutara,2022,40,36
Kalutara,2022,41,50
Kalutara,2022,42,81
Kalutara,2022,43,66
Kalutara,2022,44,83
Kalutara,2022,45,99
Kalutara,2022,46,81
Kalutara,2022,47,79
Kalutara,2022,48,127
Kalutara,2022,49,191
Kalutara,2022,50,197
Kalutara,2022,51,206
Kalutara,2022,52,200
Kalutara,2023,1,182
Kalutara,2023,3,173
Kalutara,2023,4,120
Kalutara,2023,5,99
Kalutara,2023,6,70
Kalutara,2023,7,77
Kalutara,2023,8,61
Kalutara,2023,9,67
Kalutara,2023,10,65
Kalutara,2023,11,55
Kalutara,2023,12,79
Kalutara,2023,13,92
Kalutara,2023,14,85
Kalutara,2023,15,102
Kalutara,2023,16,69
Kalutara,2023,17,146
Kalutara,2023,18,121
Kalutara,2023,19,163
Kalutara,2023,20,146
Kalutara,2023,21,157
Kalutara,2023,22,152
Kalutara,2023,23,197
Kalutara,2023,24,216
Kalutara,2023,25,283
Kalutara,2023,26,282
Kalutara,2023,30,7
Kalutara,2023,36,146
Kalutara,2023,37,69
Kalutara,2023,38,69
Kalutara,2023,41,50
Kalutara,2023,43,78
Kalutara,2024,37,74
Kalutara,2024,43,36
Kandy,2021,1,20
Kandy,2021,2,17
Kandy,2021,3,17
Kandy,2021,43,53
Kandy,2021,44,30
Kandy,2021,45,48
Kandy,2021,46,33
Kandy,2021,47,31
Kandy,2021,49,27
Kandy,2021,50,15
Kandy,2021,51,12
Kandy,2022,4,19
Kandy,2022,5,18
Kandy,2022,6,8
Kandy,2022,7,18
Kandy,2022,8,17
Kandy,2022,9,11
Kandy,2022,10,16
Kandy,2022,11,16
Kandy,2022,12,20
Kandy,2022,13,21
Kandy,2022,14,22
Kandy,2022,15,20
Kandy,2022,16,30
Kandy,2022,17,20
Kandy,2022,18,14
Kandy,2022,19,20
Kandy,2022,21,6
Kandy,2022,22,9
Kandy,2022,23,12
Kandy,2022,24,20
Kandy,2022,25,25
Kandy,2022,26,28
Kandy,2022,27,43
Kandy,2022,28,41
Kandy,2022,29,51
Kandy,2022,30,25
Kandy,2022,31,31
Kandy,2022,32,22
Kandy,2022,33,19
Kandy,2022,34,20
Kandy,2022,35,15
Kandy,2022,36,10
Kandy,2022,37,12
Kandy,2022,38,26
Kandy,2022,39,36
Kandy,2022,40,23
Kandy,2022,41,51
Kandy,2022,42,46
Kandy,2022,43,40
Kandy,2022,44,24
Kandy,2022,45,37
Kandy,2022,46,54
Kandy,2022,47,62
Kandy,2022,48,50
Kandy,2022,49,66
Kandy,2022,50,65
Kandy,2022,51,78
Kandy,2022,52,92
Kandy,2023,1,78
Kandy,2023,3,112
Kandy,2023,4,73
Kandy,2023,5,83
Kandy,2023,6,52
Kandy,2023,7,13
Kandy,2023,8,23
Kandy,2023,9,21
Kandy,2023,10,33
Kandy,2023,11,22
Kandy,2023,12,25
Kandy,2023,13,48
Kandy,2023,14,39
Kandy,2023,15,28
Kandy,2023,16,33
Kandy,2023,17,44
Kandy,2023,18,75
Kandy,2023,19,76
Kandy,2023,20,84
Kandy,2023,21,113
Kandy,2023,22,110
Kandy,2023,23,152
Kandy,2023,24,175
Kandy,2023,25,297
Kandy,2023,26,294
Kandy,2023,27,332
Kandy,2023,28,314
Kandy,2023,29,325
Kandy,2023,30,308
Kandy,2023,32,207
Kandy,2023,33,189
Kandy,2023,34,243
Kandy,2023,35,206
Kandy,2023,36,169
Kandy,2023,37,117
Kandy,2023,38,137
Kandy,2023,39,117
Kandy,2023,40,173
Kandy,2023,41,29
Kandy,2023,42,120
Kandy,2023,43,112
Kandy,2023,44,99
Kandy,2023,45,123
Kandy,2023,46,111
Kandy,2023,47,108
Kandy,2023,48,119
Kandy,2023,49,97
Kandy,2023,50,86
Kandy,2023,51,88
Kandy,2024,1,56
Kandy,2024,2,100
Kandy,2024,3,86
Kandy,2024,4,66
Kandy,2024,5,87
Kandy,2024,6,68
Kandy,2024,7,64
Kandy,2024,8,52
Kandy,2024,9,74
Kandy,2024,10,51
Kandy,2024,11,56
Kandy,2024,12,63
Kandy,2024,13,76
Kandy,2024,14,84
Kandy,2024,15,216
Kandy,2024,16,67
Kandy,2024,17,94
Kandy,2024,18,108
Kandy,2024,19,136
Kandy,2024,20,163
Kandy,2024,21,174
Kandy,2024,22,227
Kandy,2024,23,205
Kandy,2024,24,484
Kandy,2024,25,237
Kandy,2024,27,229
Kandy,2024,28,181
Kandy,2024,29,230
Kandy,2024,30,226
Kandy,2024,31,287
Kandy,2024,32,250
Kandy,2024,33,260
Kandy,2024,34,209
Kandy,2024,35,340
Kandy,2024,37,134
Kandy,2024,38,108
Kandy,2024,39,134
Kandy,2024,40,96
Kandy,2024,41,128
Kandy,2024,42,136
Kandy,2024,43,135
Kandy,2024,44,197
Kandy,2024,45,266
Kandy,2024,46,310
Kandy,2024,47,320
Kandy,2024,48,334
Kandy,2024,49,355
Kandy,2024,50,399
Kandy,2024,51,360
Kandy,2024,52,370
Kilinochchi,2021,2,2
Kilinochchi,2021,44,1
Kilinochchi,2021,45,2
Kilinochchi,2021,49,1
Kilinochchi,2022,5,2
Kilinochchi,2022,6,4
Kilinochchi,2022,13,1
Kilinochchi,2022,14,1
Kilinochchi,2022,17,1
Kilinochchi,2022,19,1
Kilinochchi,2022,28,1
Kilinochchi,2022,35,1
Kilinochchi,2022,49,2
Kilinochchi,2022,50,1
Kilinochchi,2022,51,3
Kilinochchi,2022,52,5
Kilinochchi,2023,1,9
Kilinochchi,2023,3,1
Kilinochchi,2023,4,12
Kilinochchi,2023,5,5
Kilinochchi,2023,6,2
Kilinochchi,2023,7,2
Kilinochchi,2023,8,1
Kilinochchi,2023,9,1
Kilinochchi,2023,10,1
Kilinochchi,2023,11,1
Kilinochchi,2023,12,6
Kilinochchi,2023,13,1
Kilinochchi,2023,14,3
Kilinochchi,2023,15,2
Kilinochchi,2023,16,2
Kilinochchi,2023,17,1
Kilinochchi,2023,18,4
Kilinochchi,2023,19,2
Kilinochchi,2023,20,4
Kilinochchi,2023,21,5
Kilinochchi,2023,22,4
Kilinochchi,2023,23,2
Kilinochchi,2023,24,6
Kilinochchi,2023,25,3
Kilinochchi,2023,26,5
Kilinochchi,2023,27,4
Kilinochchi,2023,28,2
Kilinochchi,2023,30,2
Kilinochchi,2023,33,1
Kilinochchi,2023,34,8
Kilinochchi,2023,35,1
Kilinochchi,2023,36,2
Kilinochchi,2023,37,1
Kilinochchi,2023,38,3
Kilinochchi,2023,39,2
Kilinochchi,2023,42,3
Kilinochchi,2023,43,2
Kilinochchi,2023,44,1
Kilinochchi,2023,46,2
Kilinochchi,2023,47,2
Kilinochchi,2023,48,1
Kilinochchi,2023,49,1
Kilinochchi,2023,50,1
Kilinochchi,2023,51,7
Kilinochchi,2024,1,7
Kilinochchi,2024,2,4
Kilinochchi,2024,3,3
Kilinochchi,2024,4,4
Kilinochchi,2024,5,3
Kilinochchi,2024,6,7
Kilinochchi,2024,7,2
Kilinochchi,2024,8,3
Kilinochchi,2024,9,3
Kilinochchi,2024,10,1
Kilinochchi,2024,11,5
Kilinochchi,2024,12,3
Kilinochchi,2024,14,2
Kilinochchi,2024,15,4
Kilinochchi,2024,16,1
Kilinochchi,2024,17,3
Kilinochchi,2024,18,1
Kilinochchi,2024,19,2
Kilinochchi,2024,21,2
Kilinochchi,2024,22,1
Kilinochchi,2024,23,4
Kilinochchi,2024,24,4
Kilinochchi,2024,25,5
Kilinochchi,2024,27,1
Kilinochchi,2024,28,1
Kilinochchi,2024,30,2
Kilinochchi,2024,32,1
Kilinochchi,2024,34,1
Kilinochchi,2024,39,2
Kilinochchi,2024,43,3
Kilinochchi,2024,44,1
Kilinochchi,2024,45,2
Kilinochchi,2024,46,2
Kilinochchi,2024,47,1
Kilinochchi,2024,48,3
Kilinochchi,2024,49,1
Kilinochchi,2024,50,4
Kilinochchi,2024,51,3
Kilinochchi,2024,52,20
Kurunegala,2021,1,12
Kurunegala,2021,2,13
Kurunegala,2021,3,19
Kurunegala,2021,43,5
Kurunegala,2021,44,7
Kurunegala,2021,45,4
Kurunegala,2021,46,2
Kurunegala,2021,47,1
Kurunegala,2021,49,3
Kurunegala,2021,50,11
Kurunegala,2021,51,7
Kurunegala,2022,4,6
Kurunegala,2022,5,12
Kurunegala,2022,6,10
Kurunegala,2022,7,13
Kurunegala,2022,8,17
Kurunegala,2022,9,25
Kurunegala,2022,10,28
Kurunegala,2022,11,35
Kurunegala,2022,12,30
Kurunegala,2022,13,49
Kurunegala,2022,14,32
Kurunegala,2022,15,37
Kurunegala,2022,16,25
Kurunegala,2022,17,28
Kurunegala,2022,18,22
Kurunegala,2022,19,19
Kurunegala,2022,21,16
Kurunegala,2022,22,11
Kurunegala,2022,23,17
Kurunegala,2022,24,42
Kurunegala,2022,25,50
Kurunegala,2022,26,43
Kurunegala,2022,27,45
Kurunegala,2022,28,28
Kurunegala,2022,29,61
Kurunegala,2022,30,61
Kurunegala,2022,31,61
Kurunegala,2022,32,42
Kurunegala,2022,33,13
Kurunegala,2022,34,8
Kurunegala,2022,35,14
Kurunegala,2022,36,16
Kurunegala,2022,37,5
Kurunegala,2022,38,9
Kurunegala,2022,39,20
Kurunegala,2022,40,22
Kurunegala,2022,41,26
Kurunegala,2022,42,27
Kurunegala,2022,43,42
Kurunegala,2022,44,33
Kurunegala,2022,45,53
Kurunegala,2022,46,58
Kurunegala,2022,47,73
Kurunegala,2022,48,57
Kurunegala,2022,49,67
Kurunegala,2022,50,92
Kurunegala,2022,51,99
Kurunegala,2022,52,111
Kurunegala,2023,1,134
Kurunegala,2023,3,157
Kurunegala,2023,4,109
Kurunegala,2023,5,82
Kurunegala,2023,6,51
Kurunegala,2023,7,20
Kurunegala,2023,8,45
Kurunegala,2023,9,26
Kurunegala,2023,10,21
Kurunegala,2023,11,33
Kurunegala,2023,12,34
Kurunegala,2023,13,31
Kurunegala,2023,14,41
Kurunegala,2023,15,28
Kurunegala,2023,16,12
Kurunegala,2023,17,12
Kurunegala,2023,18,27
Kurunegala,2023,19,33
Kurunegala,2023,20,22
Kurunegala,2023,21,50
Kurunegala,2023,23,45
Kurunegala,2023,24,66
Kurunegala,2023,25,116
Kurunegala,2023,26,94
Kurunegala,2023,36,32
Kurunegala,2023,37,29
Kurunegala,2023,38,13
Kurunegala,2023,41,26
Kurunegala,2023,43,22
Kurunegala,2024,30,54
Kurunegala,2024,31,60
Kurunegala,2024,37,26
Mannar,2021,1,2
Mannar,2021,2,1
Mannar,2021,50,1
Mannar,2022,4,2
Mannar,2022,5,2
Mannar,2022,6,1
Mannar,2022,9,3
Mannar,2022,10,3
Mannar,2022,11,1
Mannar,2022,13,1
Mannar,2022,14,2
Mannar,2022,15,1
Mannar,2022,16,2
Mannar,2022,17,1
Mannar,2022,22,1
Mannar,2022,24,1
Mannar,2022,30,1
Mannar,2022,33,1
Mannar,2022,42,3
Mannar,2022,46,2
Mannar,2022,47,6
Mannar,2022,49,35
Mannar,2022,50,62
Mannar,2022,51,95
Mannar,2022,52,77
Mannar,2023,1,71
Mannar,2023,3,28
Mannar,2023,4,25
Mannar,2023,5,15
Mannar,2023,6,16
Mannar,2023,7,4
Mannar,2023,8,3
Mannar,2023,9,1
Mannar,2023,10,5
Mannar,2023,11,1
Mannar,2023,12,1
Mannar,2023,13,1
Mannar,2023,14,1
Mannar,2023,17,4
Mannar,2023,18,3
Mannar,2023,21,2
Mannar,2023,22,3
Mannar,2023,23,2
Mannar,2023,24,7
Mannar,2023,25,1
Mannar,2023,26,5
Mannar,2023,27,2
Mannar,2023,28,1
Mannar,2023,29,1
Mannar,2023,32,2
Mannar,2023,33,1
Mannar,2023,34,1
Mannar,2023,38,1
Mannar,2023,42,13
Mannar,2023,43,4
Mannar,2023,44,6
Mannar,2023,45,5
Mannar,2023,46,14
Mannar,2023,47,12
Mannar,2023,48,13
Mannar,2023,49,11
Mannar,2023,50,4
Mannar,2023,51,20
Mannar,2024,3,17
Mannar,2024,4,1
Mannar,2024,6,8
Mannar,2024,7,1
Mannar,2024,9,4
Mannar,2024,11,3
Mannar,2024,13,3
Mannar,2024,14,4
Mannar,2024,16,6
Mannar,2024,17,5
Mannar,2024,18,3
Mannar,2024,20,1
Mannar,2024,21,5
Mannar,2024,22,5
Mannar,2024,23,5
Mannar,2024,24,5
Mannar,2024,25,1
Mannar,2024,27,3
Mannar,2024,29,1
Mannar,2024,31,3
Mannar,2024,38,2
Mannar,2024,40,1
Mannar,2024,42,1
Matale,2021,1,5
Matale,2021,2,4
Matale,2021,3,3
Matale,2021,43,1
Matale,2021,44,2
Matale,2021,45,3
Matale,2021,46,4
Matale,2021,47,2
Matale,2021,49,3
Matale,2021,50,2
Matale,2021,51,5
Matale,2022,4,1
Matale,2022,5,1
Matale,2022,6,3
Matale,2022,7,1
Matale,2022,8,3
Matale,2022,9,2
Matale,2022,10,4
Matale,2022,11,4
Matale,2022,12,1
Matale,2022,13,3
Matale,2022,14,1
Matale,2022,15,4
Matale,2022,16,6
Matale,2022,17,2
Matale,2022,18,4
Matale,2022,19,4
Matale,2022,22,3
Matale,2022,23,5
Matale,2022,24,4
Matale,2022,25,5
Matale,2022,26,3
Matale,2022,27,7
Matale,2022,28,10
Matale,2022,29,11
Matale,2022,30,16
Matale,2022,31,13
Matale,2022,32,13
Matale,2022,33,15
Matale,2022,34,4
Matale,2022,35,4
Matale,2022,36,1
Matale,2022,37,4
Matale,2022,39,9
Matale,2022,40,5
Matale,2022,41,7
Matale,2022,42,10
Matale,2022,43,3
Matale,2022,44,4
Matale,2022,45,6
Matale,2022,46,5
Matale,2022,47,14
Matale,2022,48,10
Matale,2022,49,16
Matale,2022,50,10
Matale,2022,51,11
Matale,2022,52,10
Matale,2023,1,3
Matale,2023,3,8
Matale,2023,4,25
Matale,2023,5,16
Matale,2023,6,12
Matale,2023,7,5
Matale,2023,8,3
Matale,2023,9,6
Matale,2023,10,10
Matale,2023,11,6
Matale,2023,12,1
Matale,2023,13,6
Matale,2023,14,11
Matale,2023,15,7
Matale,2023,16,8
Matale,2023,17,10
Matale,2023,18,6
Matale,2023,19,15
Matale,2023,20,8
Matale,2023,21,13
Matale,2023,23,30
Matale,2023,24,45
Matale,2023,25,84
Matale,2023,26,59
Matale,2023,36,12
Matale,2023,37,22
Matale,2023,38,23
Matale,2023,41,7
Matale,2023,43,18
Matara,2021,1,3
Matara,2021,2,8
Matara,2021,3,6
Matara,2021,43,6
Matara,2021,44,5
Matara,2021,45,5
Matara,2021,46,3
Matara,2021,47,6
Matara,2021,49,6
Matara,2021,50,2
Matara,2021,51,2
Matara,2022,4,2
Matara,2022,5,3
Matara,2022,6,7
Matara,2022,7,15
Matara,2022,8,8
Matara,2022,9,7
Matara,2022,10,15
Matara,2022,11,8
Matara,2022,12,5
Matara,2022,13,5
Matara,2022,14,5
Matara,2022,15,8
Matara,2022,16,16
Matara,2022,17,9
Matara,2022,18,4
Matara,2022,19,7
Matara,2022,21,3
Matara,2022,22,4
Matara,2022,23,28
Matara,2022,24,22
Matara,2022,25,34
Matara,2022,26,57
Matara,2022,27,35
Matara,2022,28,23
Matara,2022,29,28
Matara,2022,30,23
Matara,2022,31,15
Matara,2022,32,11
Matara,2022,33,20
Matara,2022,34,13
Matara,2022,35,3
Matara,2022,36,11
Matara,2022,37,2
Matara,2022,38,11
Matara,2022,39,15
Matara,2022,40,16
Matara,2022,41,9
Matara,2022,42,15
Matara,2022,43,9
Matara,2022,44,13
Matara,2022,45,7
Matara,2022,46,22
Matara,2022,47,21
Matara,2022,48,26
Matara,2022,49,24
Matara,2022,50,23
Matara,2022,51,14
Matara,2022,52,40
Matara,2023,1,22
Matara,2023,3,37
Matara,2023,4,31
Matara,2023,5,17
Matara,2023,6,22
Matara,2023,7,4
Matara,2023,8,17
Matara,2023,9,8
Matara,2023,10,9
Matara,2023,11,14
Matara,2023,12,15
Matara,2023,13,17
Matara,2023,14,21
Matara,2023,15,21
Matara,2023,16,17
Matara,2023,17,45
Matara,2023,18,38
Matara,2023,19,38
Matara,2023,20,45
Matara,2023,21,33
Matara,2023,22,38
Matara,2023,23,47
Matara,2023,24,52
Matara,2023,25,55
Matara,2023,26,65
Matara,2023,27,78
Matara,2023,28,80
Matara,2023,29,49
Matara,2023,30,37
Matara,2023,32,65
Matara,2023,33,47
Matara,2023,34,46
Matara,2023,35,30
Matara,2023,36,44
Matara,2023,37,25
Matara,2023,38,26
Matara,2023,39,18
Matara,2023,40,22
Matara,2023,41,9
Matara,2023,42,24
Matara,2023,43,29
Matara,2023,44,21
Matara,2023,45,24
Matara,2023,46,15
Matara,2023,47,13
Matara,2023,48,22
Matara,2023,49,14
Matara,2023,50,27
Matara,2023,51,20
Matara,2024,1,45
Matara,2024,2,33
Matara,2024,3,28
Matara,2024,4,41
Matara,2024,5,25
Matara,2024,6,38
Matara,2024,7,38
Matara,2024,8,24
Matara,2024,9,44
Matara,2024,10,26
Matara,2024,11,21
Matara,2024,12,29
Matara,2024,13,17
Matara,2024,14,30
Matara,2024,15,64
Matara,2024,16,18
Matara,2024,17,25
Matara,2024,18,19
Matara,2024,19,31
Matara,2024,20,32
Matara,2024,21,43
Matara,2024,22,45
Matara,2024,23,56
Matara,2024,24,82
Matara,2024,25,63
Matara,2024,27,35
Matara,2024,28,60
Matara,2024,29,48
Matara,2024,30,40
Matara,2024,31,41
Matara,2024,32,34
Matara,2024,33,37
Matara,2024,34,30
Matara,2024,35,48
Matara,2024,37,22
Matara,2024,38,18
Matara,2024,39,23
Matara,2024,40,14
Monaragala,2022,8,3
Monaragala,2022,9,1
Monaragala,2022,10,3
Monaragala,2022,11,5
Monaragala,2022,12,1
Monaragala,2022,13,4
Monaragala,2022,14,6
Monaragala,2022,15,6
Monaragala,2022,16,1
Monaragala,2022,17,2
Monaragala,2022,19,3
Monaragala,2022,21,2
Monaragala,2022,22,1
Monaragala,2022,23,4
Monaragala,2022,24,4
Monaragala,2022,25,8
Monaragala,2022,26,5
Monaragala,2022,27,4
Monaragala,2022,28,11
Monaragala,2022,29,8
Monaragala,2022,30,19
Monaragala,2022,31,4
Monaragala,2022,32,1
Monaragala,2022,33,7
Monaragala,2022,37,4
Monaragala,2022,38,1
Monaragala,2022,39,6
Monaragala,2022,40,1
Monaragala,2022,41,3
Monaragala,2022,42,1
Monaragala,2022,43,6
Monaragala,2022,44,1
Monaragala,2022,45,5
Monaragala,2022,46,1
Monaragala,2022,47,5
Monaragala,2022,48,5
Monaragala,2022,49,6
Monaragala,2022,50,13
Monaragala,2022,51,6
Monaragala,2022,52,9
Monaragala,2023,1,7
Monaragala,2023,3,12
Monaragala,2023,4,14
Monaragala,2023,5,13
Monaragala,2023,6,5
Monaragala,2023,7,2
Monaragala,2023,8,8
Monaragala,2023,9,10
Monaragala,2023,10,7
Monaragala,2023,11,5
Monaragala,2023,12,8
Monaragala,2023,13,6
Monaragala,2023,14,9
Monaragala,2023,15,8
Monaragala,2023,16,3
Monaragala,2023,17,6
Monaragala,2023,18,4
Monaragala,2023,19,10
Monaragala,2023,20,10
Monaragala,2023,21,15
Monaragala,2023,22,8
Monaragala,2023,23,13
Monaragala,2023,24,16
Monaragala,2023,25,23
Monaragala,2023,26,19
Monaragala,2023,30,8
Monaragala,2023,36,12
Monaragala,2023,37,7
Monaragala,2023,38,9
Monaragala,2023,41,3
Monaragala,2023,43,14
Monaragala,2024,43,9
Mullaitivu,2022,44,1
Mullaitivu,2022,51,1
Mullaitivu,2023,3,1
Mullaitivu,2023,5,1
Mullaitivu,2023,7,1
Mullaitivu,2023,8,1
Mullaitivu,2023,14,1
Mullaitivu,2023,15,1
Mullaitivu,2023,16,1
Mullaitivu,2023,18,2
Mullaitivu,2023,22,1
Mullaitivu,2023,23,1
Mullaitivu,2023,26,1
Mullaitivu,2023,27,2
Mullaitivu,2023,32,1
Mullaitivu,2023,33,2
Mullaitivu,2023,36,1
Mullaitivu,2023,38,1
Mullaitivu,2023,39,1
Mullaitivu,2023,44,2
Mullaitivu,2023,47,1
Mullaitivu,2023,49,1
Mullaitivu,2023,50,3
Mullaitivu,2023,51,1
Mullaitivu,2024,1,2
Mullaitivu,2024,2,32
Mullaitivu,2024,3,2
Mullaitivu,2024,4,1
Mullaitivu,2024,8,1
Mullaitivu,2024,9,1
Mullaitivu,2024,10,1
Mullaitivu,2024,11,2
Mullaitivu,2024,13,3
Mullaitivu,2024,14,1
Mullaitivu,2024,15,4
Mullaitivu,2024,16,7
Mullaitivu,2024,17,2
Mullaitivu,2024,18,3
Mullaitivu,2024,19,3
Mullaitivu,2024,20,1
Mullaitivu,2024,21,9
Mullaitivu,2024,22,1
Mullaitivu,2024,23,11
Mullaitivu,2024,24,12
Mullaitivu,2024,25,9
Mullaitivu,2024,28,2
Mullaitivu,2024,29,6
Mullaitivu,2024,30,2
Mullaitivu,2024,31,2
Mullaitivu,2024,32,1
Mullaitivu,2024,33,2
Mullaitivu,2024,35,3
Mullaitivu,2024,40,1
Mullaitivu,2024,42,1
Mullaitivu,2024,47,5
Mullaitivu,2024,49,12
Mullaitivu,2024,51,4
Mullaitivu,2024,52,5
Nuwara Eliya,2021,2,2
Nuwara Eliya,2021,3,1
Nuwara Eliya,2021,43,1
Nuwara Eliya,2021,44,1
Nuwara Eliya,2021,45,1
Nuwara Eliya,2021,49,1
Nuwara Eliya,2021,50,1
Nuwara Eliya,2022,4,4
Nuwara Eliya,2022,7,1
Nuwara Eliya,2022,9,2
Nuwara Eliya,2022,10,3
Nuwara Eliya,2022,11,3
Nuwara Eliya,2022,12,1
Nuwara Eliya,2022,13,3
Nuwara Eliya,2022,14,1
Nuwara Eliya,2022,15,2
Nuwara Eliya,2022,16,1
Nuwara Eliya,2022,17,4
Nuwara Eliya,2022,23,3
Nuwara Eliya,2022,24,1
Nuwara Eliya,2022,26,1
Nuwara Eliya,2022,27,2
Nuwara Eliya,2022,29,3
Nuwara Eliya,2022,30,1
Nuwara Eliya,2022,31,1
Nuwara Eliya,2022,32,4
Nuwara Eliya,2022,33,3
Nuwara Eliya,2022,36,3
Nuwara Eliya,2022,37,1
Nuwara Eliya,2022,38,3
Nuwara Eliya,2022,39,3
Nuwara Eliya,2022,40,1
Nuwara Eliya,2022,41,3
Nuwara Eliya,2022,43,2
Nuwara Eliya,2022,44,4
Nuwara Eliya,2022,45,2
Nuwara Eliya,2022,46,6
Nuwara Eliya,2022,47,3
Nuwara Eliya,2022,48,2
Nuwara Eliya,2022,49,4
Nuwara Eliya,2022,50,4
Nuwara Eliya,2022,51,13
Nuwara Eliya,2022,52,5
Nuwara Eliya,2023,1,6
Nuwara Eliya,2023,3,5
Nuwara Eliya,2023,4,4
Nuwara Eliya,2023,5,2
Nuwara Eliya,2023,6,5
Nuwara Eliya,2023,7,1
Nuwara Eliya,2023,8,2
Nuwara Eliya,2023,9,5
Nuwara Eliya,2023,10,2
Nuwara Eliya,2023,12,4
Nuwara Eliya,2023,13,1
Nuwara Eliya,2023,15,1
Nuwara Eliya,2023,16,2
Nuwara Eliya,2023,17,1
Nuwara Eliya,2023,19,2
Nuwara Eliya,2023,20,10
Nuwara Eliya,2023,21,3
Nuwara Eliya,2023,22,3
Nuwara Eliya,2023,23,4
Nuwara Eliya,2023,24,8
Nuwara Eliya,2023,25,4
Nuwara Eliya,2023,26,6
Nuwara Eliya,2023,27,11
Nuwara Eliya,2023,28,9
Nuwara Eliya,2023,29,5
Nuwara Eliya,2023,30,8
Nuwara Eliya,2023,32,2
Nuwara Eliya,2023,33,3
Nuwara Eliya,2023,34,5
Nuwara Eliya,2023,35,3
Nuwara Eliya,2023,36,4
Nuwara Eliya,2023,37,1
Nuwara Eliya,2023,38,1
Nuwara Eliya,2023,39,1
Nuwara Eliya,2023,40,1
Nuwara Eliya,2023,41,3
Nuwara Eliya,2023,42,8
Nuwara Eliya,2023,43,4
Nuwara Eliya,2023,44,2
Nuwara Eliya,2023,45,5
Nuwara Eliya,2023,46,4
Nuwara Eliya,2023,47,4
Nuwara Eliya,2023,48,3
Nuwara Eliya,2023,49,6
Nuwara Eliya,2023,50,4
Nuwara Eliya,2023,51,5
Nuwara Eliya,2024,1,9
Nuwara Eliya,2024,2,1
Nuwara Eliya,2024,3,2
Nuwara Eliya,2024,4,4
Nuwara Eliya,2024,5,2
Nuwara Eliya,2024,6,1
Nuwara Eliya,2024,7,4
Nuwara Eliya,2024,8,5
Nuwara Eliya,2024,9,4
Nuwara Eliya,2024,10,2
Nuwara Eliya,2024,11,1
Nuwara Eliya,2024,13,4
Nuwara Eliya,2024,14,3
Nuwara Eliya,2024,15,8
Nuwara Eliya,2024,16,2
Nuwara Eliya,2024,17,2
Nuwara Eliya,2024,18,7
Nuwara Eliya,2024,19,8
Nuwara Eliya,2024,20,1
Nuwara Eliya,2024,21,8
Nuwara Eliya,2024,22,9
Nuwara Eliya,2024,23,6
Nuwara Eliya,2024,24,15
Nuwara Eliya,2024,25,15
Nuwara Eliya,2024,27,5
Nuwara Eliya,2024,28,3
Nuwara Eliya,2024,29,11
Nuwara Eliya,2024,30,8
Nuwara Eliya,2024,31,3
Nuwara Eliya,2024,32,8
Nuwara Eliya,2024,33,3
Nuwara Eliya,2024,34,5
Nuwara Eliya,2024,35,3
Nuwara Eliya,2024,37,4
Nuwara Eliya,2024,38,2
Nuwara Eliya,2024,39,2
Nuwara Eliya,2024,40,1
Nuwara Eliya,2024,41,1
Nuwara Eliya,2024,42,1
Nuwara Eliya,2024,43,1
Nuwara Eliya,2024,44,6
Nuwara Eliya,2024,45,4
Nuwara Eliya,2024,46,10
Nuwara Eliya,2024,47,16
Nuwara Eliya,2024,48,11
Nuwara Eliya,2024,49,6
Nuwara Eliya,2024,50,16
Nuwara Eliya,2024,51,4
Nuwara Eliya,2024,52,19
Polonnaruwa,2021,1,1
Polonnaruwa,2021,3,1
Polonnaruwa,2021,44,1
Polonnaruwa,2021,46,1
Polonnaruwa,2021,50,1
Polonnaruwa,2021,51,1
Polonnaruwa,2022,4,1
Polonnaruwa,2022,5,2
Polonnaruwa,2022,6,3
Polonnaruwa,2022,7,1
Polonnaruwa,2022,8,2
Polonnaruwa,2022,15,1
Polonnaruwa,2022,16,2
Polonnaruwa,2022,18,1
Polonnaruwa,2022,19,3
Polonnaruwa,2022,23,2
Polonnaruwa,2022,24,5
Polonnaruwa,2022,26,2
Polonnaruwa,2022,27,6
Polonnaruwa,2022,28,1
Polonnaruwa,2022,29,1
Polonnaruwa,2022,31,18
Polonnaruwa,2022,34,3
Polonnaruwa,2022,35,4
Polonnaruwa,2022,38,1
Polonnaruwa,2022,39,6
Polonnaruwa,2022,41,1
Polonnaruwa,2022,42,4
Polonnaruwa,2022,43,4
Polonnaruwa,2022,44,4
Polonnaruwa,2022,45,3
Polonnaruwa,2022,46,2
Polonnaruwa,2022,47,8
Polonnaruwa,2022,48,5
Polonnaruwa,2022,49,2
Polonnaruwa,2022,50,9
Polonnaruwa,2022,51,9
Polonnaruwa,2022,52,7
Polonnaruwa,2023,1,3
Polonnaruwa,2023,3,9
Polonnaruwa,2023,4,3
Polonnaruwa,2023,5,5
Polonnaruwa,2023,6,3
Polonnaruwa,2023,8,1
Polonnaruwa,2023,10,1
Polonnaruwa,2023,11,1
Polonnaruwa,2023,13,2
Polonnaruwa,2023,14,5
Polonnaruwa,2023,15,1
Polonnaruwa,2023,16,1
Polonnaruwa,2023,17,4
Polonnaruwa,2023,19,5
Polonnaruwa,2023,20,2
Polonnaruwa,2023,21,8
Polonnaruwa,2023,23,10
Polonnaruwa,2023,24,12
Polonnaruwa,2023,25,10
Polonnaruwa,2023,26,16
Polonnaruwa,2023,36,5
Polonnaruwa,2023,37,8
Polonnaruwa,2023,38,4
Polonnaruwa,2023,41,1
Polonnaruwa,2023,43,10
Puttalam,2021,1,13
Puttalam,2021,2,6
Puttalam,2021,3,19
Puttalam,2021,43,6
Puttalam,2021,44,2
Puttalam,2021,45,4
Puttalam,2021,46,3
Puttalam,2021,47,3
Puttalam,2021,49,13
Puttalam,2021,50,5
Puttalam,2021,51,1
Puttalam,2022,4,8
Puttalam,2022,5,12
Puttalam,2022,6,10
Puttalam,2022,7,5
Puttalam,2022,8,9
Puttalam,2022,9,13
Puttalam,2022,10,15
Puttalam,2022,11,10
Puttalam,2022,12,12
Puttalam,2022,13,18
Puttalam,2022,14,11
Puttalam,2022,15,16
Puttalam,2022,16,8
Puttalam,2022,17,20
Puttalam,2022,18,4
Puttalam,2022,19,6
Puttalam,2022,21,7
Puttalam,2022,22,4
Puttalam,2022,23,3
Puttalam,2022,24,6
Puttalam,2022,25,13
Puttalam,2022,26,11
Puttalam,2022,27,6
Puttalam,2022,28,11
Puttalam,2022,29,8
Puttalam,2022,30,14
Puttalam,2022,31,5
Puttalam,2022,32,7
Puttalam,2022,33,7
Puttalam,2022,34,6
Puttalam,2022,35,4
Puttalam,2022,36,1
Puttalam,2022,37,7
Puttalam,2022,38,1
Puttalam,2022,39,4
Puttalam,2022,40,6
Puttalam,2022,41,11
Puttalam,2022,42,6
Puttalam,2022,43,10
Puttalam,2022,44,6
Puttalam,2022,45,11
Puttalam,2022,46,11
Puttalam,2022,47,23
Puttalam,2022,48,32
Puttalam,2022,49,40
Puttalam,2022,50,43
Puttalam,2022,51,82
Puttalam,2022,52,89
Puttalam,2023,1,114
Puttalam,2023,3,138
Puttalam,2023,4,96
Puttalam,2023,5,84
Puttalam,2023,6,64
Puttalam,2023,7,60
Puttalam,2023,8,64
Puttalam,2023,9,82
Puttalam,2023,10,34
Puttalam,2023,11,46
Puttalam,2023,12,27
Puttalam,2023,13,28
Puttalam,2023,14,32
Puttalam,2023,15,28
Puttalam,2023,16,19
Puttalam,2023,17,25
Puttalam,2023,18,27
Puttalam,2023,19,30
Puttalam,2023,20,36
Puttalam,2023,21,51
Puttalam,2023,22,28
Puttalam,2023,23,56
Puttalam,2023,24,39
Puttalam,2023,25,70
Puttalam,2023,26,67
Puttalam,2023,27,75
Puttalam,2023,28,77
Puttalam,2023,29,60
Puttalam,2023,30,89
Puttalam,2023,32,63
Puttalam,2023,33,50
Puttalam,2023,34,55
Puttalam,2023,35,56
Puttalam,2023,36,45
Puttalam,2023,37,56
Puttalam,2023,38,46
Puttalam,2023,39,61
Puttalam,2023,40,65
Puttalam,2023,41,11
Puttalam,2023,42,91
Puttalam,2023,43,54
Puttalam,2023,44,60
Puttalam,2023,45,90
Puttalam,2023,46,84
Puttalam,2023,47,99
Puttalam,2023,48,156
Puttalam,2023,49,187
Puttalam,2023,50,291
Puttalam,2023,51,259
Puttalam,2024,1,190
Puttalam,2024,2,273
Puttalam,2024,3,257
Puttalam,2024,4,294
Puttalam,2024,5,190
Puttalam,2024,6,222
Puttalam,2024,7,150
Puttalam,2024,8,147
Puttalam,2024,9,104
Puttalam,2024,10,117
Puttalam,2024,11,108
Puttalam,2024,12,63
Puttalam,2024,13,105
Puttalam,2024,14,46
Puttalam,2024,15,114
Puttalam,2024,16,50
Puttalam,2024,17,63
Puttalam,2024,18,37
Puttalam,2024,19,57
Puttalam,2024,20,42
Puttalam,2024,21,65
Puttalam,2024,22,42
Puttalam,2024,23,49
Puttalam,2024,24,88
Puttalam,2024,25,36
Puttalam,2024,27,44
Puttalam,2024,28,39
Puttalam,2024,29,33
Puttalam,2024,30,33
Puttalam,2024,31,35
Puttalam,2024,32,23
Puttalam,2024,33,20
Puttalam,2024,34,17
Puttalam,2024,35,40
Puttalam,2024,37,11
Puttalam,2024,38,8
Puttalam,2024,39,8
Puttalam,2024,40,8
Puttalam,2024,41,8
Puttalam,2024,42,17
Puttalam,2024,43,22
Puttalam,2024,44,32
Puttalam,2024,45,75
Puttalam,2024,46,99
Puttalam,2024,47,105
Puttalam,2024,48,108
Puttalam,2024,49,122
Puttalam,2024,50,155
Puttalam,2024,51,136
Puttalam,2024,52,90
Ratnapura,2023,36,50
Ratnapura,2023,37,49
Ratnapura,2023,38,53
Ratnapura,2023,41,19
Ratnapura,2023,43,38
Trincomalee,2021,1,4
Trincomalee,2021,2,2
Trincomalee,2021,3,3
Trincomalee,2021,44,2
Trincomalee,2021,45,3
Trincomalee,2021,46,1
Trincomalee,2021,47,4
Trincomalee,2021,51,5
Trincomalee,2022,4,3
Trincomalee,2022,5,2
Trincomalee,2022,6,3
Trincomalee,2022,7,16
Trincomalee,2022,8,11
Trincomalee,2022,9,9
Trincomalee,2022,10,6
Trincomalee,2022,11,17
Trincomalee,2022,12,6
Trincomalee,2022,13,5
Trincomalee,2022,14,4
Trincomalee,2022,15,1
Trincomalee,2022,16,2
Trincomalee,2022,17,14
Trincomalee,2022,18,1
Trincomalee,2022,19,3
Trincomalee,2022,21,1
Trincomalee,2022,22,2
Trincomalee,2022,23,2
Trincomalee,2022,24,3
Trincomalee,2022,25,1
Trincomalee,2022,26,6
Trincomalee,2022,29,2
Trincomalee,2022,33,3
Trincomalee,2022,35,1
Trincomalee,2022,37,3
Trincomalee,2022,38,3
Trincomalee,2022,39,2
Trincomalee,2022,40,2
Trincomalee,2022,41,2
Trincomalee,2022,42,2
Trincomalee,2022,44,6
Trincomalee,2022,46,19
Trincomalee,2022,47,9
Trincomalee,2022,48,17
Trincomalee,2022,49,15
Trincomalee,2022,50,23
Trincomalee,2022,51,36
Trincomalee,2022,52,19
Trincomalee,2023,1,31
Trincomalee,2023,3,24
Trincomalee,2023,4,41
Trincomalee,2023,5,27
Trincomalee,2023,6,27
Trincomalee,2023,7,19
Trincomalee,2023,8,35
Trincomalee,2023,9,14
Trincomalee,2023,10,26
Trincomalee,2023,11,22
Trincomalee,2023,12,22
Trincomalee,2023,13,52
Trincomalee,2023,14,35
Trincomalee,2023,15,54
Trincomalee,2023,16,43
Trincomalee,2023,17,36
Trincomalee,2023,18,92
Trincomalee,2023,19,70
Trincomalee,2023,20,90
Trincomalee,2023,21,34
Trincomalee,2023,22,20
Trincomalee,2023,23,52
Trincomalee,2023,24,37
Trincomalee,2023,25,9
Trincomalee,2023,26,37
Trincomalee,2023,27,8
Trincomalee,2023,28,14
Trincomalee,2023,29,11
Trincomalee,2023,30,6
Trincomalee,2023,32,5
Trincomalee,2023,33,4
Trincomalee,2023,34,1
Trincomalee,2023,35,6
Trincomalee,2023,36,6
Trincomalee,2023,37,1
Trincomalee,2023,38,2
Trincomalee,2023,39,4
Trincomalee,2023,40,7
Trincomalee,2023,41,2
Trincomalee,2023,42,8
Trincomalee,2023,43,1
Trincomalee,2023,44,6
Trincomalee,2023,45,17
Trincomalee,2023,46,4
Trincomalee,2023,47,5
Trincomalee,2023,48,5
Trincomalee,2023,49,24
Trincomalee,2023,50,16
Trincomalee,2023,51,10
Trincomalee,2024,1,29
Trincomalee,2024,2,16
Trincomalee,2024,3,31
Trincomalee,2024,4,38
Trincomalee,2024,5,43
Trincomalee,2024,6,25
Trincomalee,2024,7,34
Trincomalee,2024,8,62
Trincomalee,2024,9,49
Trincomalee,2024,10,55
Trincomalee,2024,11,50
Trincomalee,2024,12,41
Trincomalee,2024,13,124
Trincomalee,2024,14,102
Trincomalee,2024,15,272
Trincomalee,2024,16,94
Trincomalee,2024,17,116
Trincomalee,2024,18,156
Trincomalee,2024,19,97
Trincomalee,2024,20,107
Trincomalee,2024,21,80
Trincomalee,2024,22,64
Trincomalee,2024,23,83
Trincomalee,2024,24,131
Trincomalee,2024,25,59
Trincomalee,2024,27,27
Trincomalee,2024,28,23
Trincomalee,2024,29,24
Trincomalee,2024,30,14
Trincomalee,2024,31,14
Trincomalee,2024,32,6
Trincomalee,2024,33,7
Trincomalee,2024,34,10
Trincomalee,2024,35,10
Trincomalee,2024,37,4
Trincomalee,2024,38,3
Trincomalee,2024,39,1
Trincomalee,2024,40,4
Trincomalee,2024,41,6
Trincomalee,2024,42,7
Trincomalee,2024,43,3
Trincomalee,2024,44,12
Trincomalee,2024,45,12
Trincomalee,2024,46,11
Trincomalee,2024,47,11
Trincomalee,2024,48,9
Trincomalee,2024,49,18
Trincomalee,2024,50,27
Trincomalee,2024,51,15
Trincomalee,2024,52,31
Vavuniya,2021,1,1
Vavuniya,2021,2,1
Vavuniya,2021,3,1
Vavuniya,2021,47,1
Vavuniya,2022,5,1
Vavuniya,2022,7,8
Vavuniya,2022,8,2
Vavuniya,2022,9,1
Vavuniya,2022,10,3
Vavuniya,2022,11,1
Vavuniya,2022,13,3
Vavuniya,2022,14,2
Vavuniya,2022,16,2
Vavuniya,2022,19,1
Vavuniya,2022,22,1
Vavuniya,2022,27,1
Vavuniya,2022,28,2
Vavuniya,2022,29,1
Vavuniya,2022,31,1
Vavuniya,2022,33,1
Vavuniya,2022,35,1
Vavuniya,2022,40,1
Vavuniya,2022,42,2
Vavuniya,2022,46,2
Vavuniya,2022,47,1
Vavuniya,2022,48,2
Vavuniya,2022,49,4
Vavuniya,2022,50,3
Vavuniya,2022,51,1
Vavuniya,2022,52,2
Vavuniya,2023,1,5
Vavuniya,2023,3,8
Vavuniya,2023,4,6
Vavuniya,2023,5,8
Vavuniya,2023,6,1
Vavuniya,2023,8,3
Vavuniya,2023,9,2
Vavuniya,2023,10,1
Vavuniya,2023,11,2
Vavuniya,2023,12,2
Vavuniya,2023,13,1
Vavuniya,2023,14,2
Vavuniya,2023,15,1
Vavuniya,2023,16,1
Vavuniya,2023,19,1
Vavuniya,2023,22,1
Vavuniya,2023,23,1
Vavuniya,2023,24,4
Vavuniya,2023,25,1
Vavuniya,2023,26,1
Vavuniya,2023,36,1
Vavuniya,2023,43,1
Vavuniya,2024,20,9
Vavuniya,2024,21,4
Vavuniya,2024,22,4
Vavuniya,2024,23,4
Vavuniya,2024,43,4
Vavuniya,2024,49,1
Vavuniya,2024,50,7
